<?xml version="1.0" encoding="UTF-8"?><!-- This file was auto-generated from WSDL --><!-- by the Apache Axis2 version: 1.6.4  Built on : Dec 28, 2015 (10:03:39 GMT) --><serviceGroup>
    <service name="RealizarPago">
        <messageReceivers>
            <messageReceiver mep="http://www.w3.org/ns/wsdl/in-out" class="com.bancoabc.www.realizarpago.RealizarPagoMessageReceiverInOut"/>
        </messageReceivers>
        <parameter name="ServiceClass">com.bancoabc.www.realizarpago.RealizarPagoSkeleton</parameter>
        <parameter name="useOriginalwsdl">true</parameter>
        <parameter name="modifyUserWSDLPortAddress">true</parameter>
        <operation name="RealizarPago" mep="http://www.w3.org/ns/wsdl/in-out" namespace="http://www.BancoABC.com/RealizarPago/">
            <actionMapping>http://www.BancoABC.com/RealizarPago/RealizarPago</actionMapping>
            <outputActionMapping>http://www.BancoABC.com/RealizarPago/RealizarPago/RealizarPagoResponse</outputActionMapping>
        </operation>
    </service>
</serviceGroup>
