<?xml version="1.0" encoding="UTF-8"?><!-- This file was auto-generated from WSDL --><!-- by the Apache Axis2 version: 1.6.4  Built on : Dec 28, 2015 (10:03:39 GMT) --><serviceGroup>
    <service name="NotificarCompensacion">
        <messageReceivers>
            <messageReceiver mep="http://www.w3.org/ns/wsdl/in-out" class="com.bancoabc.www.notificarcompensacion.NotificarCompensacionMessageReceiverInOut"/>
        </messageReceivers>
        <parameter name="ServiceClass">com.bancoabc.www.notificarcompensacion.NotificarCompensacionSkeleton</parameter>
        <parameter name="useOriginalwsdl">true</parameter>
        <parameter name="modifyUserWSDLPortAddress">true</parameter>
        <operation name="NotificarTransaccion" mep="http://www.w3.org/ns/wsdl/in-out" namespace="http://www.BancoABC.com/NotificarCompensacion/">
            <actionMapping>http://www.BancoABC.com/NotificarCompensacion/NotificarTransaccion</actionMapping>
            <outputActionMapping>http://www.BancoABC.com/NotificarCompensacion/NotificarCompensacion/NotificarTransaccionResponse</outputActionMapping>
        </operation>
    </service>
</serviceGroup>
