<?xml version="1.0" encoding="UTF-8"?><!-- This file was auto-generated from WSDL --><!-- by the Apache Axis2 version: 1.6.4  Built on : Dec 28, 2015 (10:03:39 GMT) --><serviceGroup>
    <service name="ConsultaSaldo">
        <messageReceivers>
            <messageReceiver mep="http://www.w3.org/ns/wsdl/in-out" class="com.bancoabc.www.consultasaldo.ConsultaSaldoMessageReceiverInOut"/>
        </messageReceivers>
        <parameter name="ServiceClass">com.bancoabc.www.consultasaldo.ConsultaSaldoSkeleton</parameter>
        <parameter name="useOriginalwsdl">true</parameter>
        <parameter name="modifyUserWSDLPortAddress">true</parameter>
        <operation name="ConsultaSaldoPagar" mep="http://www.w3.org/ns/wsdl/in-out" namespace="http://www.BancoABC.com/ConsultaSaldo/">
            <actionMapping>http://www.BancoABC.com/ConsultaSaldo/ConsultaSaldoPagar</actionMapping>
            <outputActionMapping>http://www.BancoABC.com/ConsultaSaldo/ConsultaSaldo/ConsultaSaldoPagarResponse</outputActionMapping>
        </operation>
    </service>
</serviceGroup>
