<?xml version="1.0" encoding="UTF-8"?><!-- This file was auto-generated from WSDL --><!-- by the Apache Axis2 version: 1.6.4  Built on : Dec 28, 2015 (10:03:39 GMT) --><serviceGroup>
    <service name="NotificarUsuario">
        <messageReceivers>
            <messageReceiver mep="http://www.w3.org/ns/wsdl/in-out" class="com.bancoabc.www.notificarusuario.NotificarUsuarioMessageReceiverInOut"/>
        </messageReceivers>
        <parameter name="ServiceClass">com.bancoabc.www.notificarusuario.NotificarUsuarioSkeleton</parameter>
        <parameter name="useOriginalwsdl">true</parameter>
        <parameter name="modifyUserWSDLPortAddress">true</parameter>
        <operation name="NotificarUsuario" mep="http://www.w3.org/ns/wsdl/in-out" namespace="http://www.BancoABC.com/NotificarUsuario/">
            <actionMapping>http://www.BancoABC.com/NotificarUsuario/NotificarUsuario</actionMapping>
            <outputActionMapping>http://www.BancoABC.com/NotificarUsuario/NotificarUsuario/NotificarUsuarioResponse</outputActionMapping>
        </operation>
    </service>
</serviceGroup>
