<?xml version="1.0" encoding="UTF-8"?><!-- This file was auto-generated from WSDL --><!-- by the Apache Axis2 version: 1.6.4  Built on : Dec 28, 2015 (10:03:39 GMT) --><serviceGroup>
    <service name="VerificarSaldo">
        <messageReceivers>
            <messageReceiver mep="http://www.w3.org/ns/wsdl/in-out" class="com.bancoabc.www.verificarsaldo.VerificarSaldoMessageReceiverInOut"/>
        </messageReceivers>
        <parameter name="ServiceClass">com.bancoabc.www.verificarsaldo.VerificarSaldoSkeleton</parameter>
        <parameter name="useOriginalwsdl">true</parameter>
        <parameter name="modifyUserWSDLPortAddress">true</parameter>
        <operation name="VerificarSaldo" mep="http://www.w3.org/ns/wsdl/in-out" namespace="http://www.BancoABC.com/VerificarSaldo/">
            <actionMapping>http://www.BancoABC.com/VerificarSaldo/VerificarSaldo</actionMapping>
            <outputActionMapping>http://www.BancoABC.com/VerificarSaldo/VerificarSaldo/VerificarSaldoResponse</outputActionMapping>
        </operation>
    </service>
</serviceGroup>
