<?xml version="1.0" encoding="UTF-8"?><!-- This file was auto-generated from WSDL --><!-- by the Apache Axis2 version: 1.6.4  Built on : Dec 28, 2015 (10:03:39 GMT) --><serviceGroup>
    <service name="OpcionesPago">
        <messageReceivers>
            <messageReceiver mep="http://www.w3.org/ns/wsdl/in-out" class="bancoabc.www.opcionespago.OpcionesPagoMessageReceiverInOut"/>
        </messageReceivers>
        <parameter name="ServiceClass">bancoabc.www.opcionespago.OpcionesPagoSkeleton</parameter>
        <parameter name="useOriginalwsdl">true</parameter>
        <parameter name="modifyUserWSDLPortAddress">true</parameter>
        <operation name="OpcionesDePago" mep="http://www.w3.org/ns/wsdl/in-out" namespace="http://www.BancoABC/OpcionesPago/">
            <actionMapping>http://www.BancoABC/OpcionesPago/OpcionesDePago</actionMapping>
            <outputActionMapping>http://www.BancoABC/OpcionesPago/OpcionesPago/OpcionesDePagoResponse</outputActionMapping>
        </operation>
    </service>
</serviceGroup>
